,Sentiment,Open,High,Low,Close,Volume,year,month,quarter,weekno,pct_change_1w,pct_change_4w,pct_change_8w
2017-01-06,0.03615683758700336,963.6580200195312,1191.0999755859375,883.9439697265625,902.2009887695312,1762148992,2017,1,1,1,,,
2017-01-13,-0.03890934452718618,903.4869995117188,942.7239990234376,755.7559814453125,823.9840087890625,1398173008,2017,1,1,2,-8.669573737349278,,
2017-01-20,-0.07513044029474258,825.1420288085938,917.4990234375,812.4559936523438,895.0260009765625,819957496,2017,1,1,3,8.62176831464292,,
2017-01-27,-0.1232267778544199,895.5490112304688,937.5250244140624,891.68701171875,919.75,791051600,2017,1,1,4,2.7623777405864303,,
2017-02-03,0.13429489654748616,919.8109741210938,1033.8699951171875,919.1480102539062,1029.9100341796875,869849588,2017,2,1,5,11.97717142480974,14.155276595776357,
2017-02-10,0.14700803832402307,1031.3299560546875,1088.989990234375,946.6909790039062,988.6740112304688,1326568016,2017,2,1,6,-4.003847091562984,19.987038666373724,
2017-02-17,-0.1356710306032985,988.8980102539062,1053.1700439453125,976.0020141601562,1046.2099609375,756854400,2017,2,1,7,5.81950663752393,16.891571842156615,
2017-02-24,0.12692362933742757,1049.2099609375,1200.3900146484375,1041.68994140625,1173.6800537109375,1129156800,2017,2,1,8,12.183987682473663,27.608595130300362,
2017-03-03,0.11871550707590013,1170.4100341796875,1280.31005859375,1124.5899658203125,1274.989990234375,1486044000,2017,3,1,9,8.63181888480733,23.796248984979652,41.319950443999495
2017-03-10,0.0751191459692918,1277.4300537109375,1279.4000244140625,1077.25,1116.719970703125,1870991976,2017,3,1,10,-12.413432320527951,12.951282021997802,35.526898433899355
2017-03-17,-0.008799123125416902,1116.3199462890625,1257.97998046875,1099.5699462890625,1100.22998046875,2779050960,2017,3,1,11,-1.476645055787118,5.163401377180832,22.927152872462877
2017-03-24,-0.08353731272712586,1099.68994140625,1122.4300537109375,934.3579711914062,937.52001953125,2772290016,2017,3,1,12,-14.788722705790825,-20.12132978088854,1.9320488753737486
2017-03-31,-0.05044363034623006,936.5399780273438,1074.9200439453125,903.7130126953124,1071.7900390625,2537052000,2017,3,1,13,14.321829585930711,-15.937376193402253,4.066375070922534
2017-04-07,0.11419206048761095,1071.7099609375,1188.3699951171875,1061.0899658203125,1176.9000244140625,3063603072,2017,4,2,14,9.80695672853078,5.389001297527263,19.03822807573694
2017-04-14,0.07458761608114048,1172.6500244140625,1208.0699462890625,1156.43994140625,1167.5400390625,1779218032,2017,4,2,15,-0.7953084507940744,6.117817164468908,11.597105997373337
2017-04-21,0.08939791216331272,1167.300048828125,1240.7900390625,1164.9599609375,1222.050048828125,1785856016,2017,4,2,16,4.668791471116918,30.349221709328077,4.121224942372614
2017-04-28,0.026383089451562782,1222.7099609375,1331.280029296875,1203.93994140625,1316.47998046875,2292950000,2017,4,2,17,7.727173836388923,22.83002570356798,3.254142428737672
2017-05-05,0.046742053258986706,1317.8399658203125,1618.030029296875,1314.9200439453125,1555.449951171875,4490163904,2017,5,2,18,18.152191772641824,32.16500288087592,39.28737660100325
2017-05-12,0.14590178586187816,1556.81005859375,1873.9300537109373,1542.5,1724.239990234375,6626996928,2017,5,2,19,10.85152491954715,47.6814441086653,56.71632484508078
2017-05-19,0.11093806794711522,1723.1199951171875,2004.52001953125,1651.0799560546875,1987.7099609375,5823746016,2017,5,2,20,15.280353790385748,62.6537278766609,112.0178683684359
2017-05-26,0.14386961509446167,1984.239990234375,2763.7099609375,1974.9200439453125,2202.419921875,11325726016,2017,5,2,21,10.801875784545167,67.296119542266,105.48986663483713
2017-06-02,0.10134834959393454,2196.27001953125,2488.550048828125,1855.8299560546875,2488.550048828125,9801255040,2017,6,2,22,12.991624535866531,59.98907884842279,111.44957066910482
2017-06-09,0.13828802291227846,2493.719970703125,2999.909912109375,2423.570068359375,2823.81005859375,10476819968,2017,6,2,23,13.472102356289817,63.771289065735616,141.85980472765505
2017-06-16,0.02696014731412843,2828.139892578125,2997.260009765625,2212.9599609375,2518.56005859375,13040030080,2017,6,2,24,-10.809863045534074,26.706617569390033,106.09303694303706
2017-06-23,-0.12093185555367245,2514.010009765625,2772.010009765625,2484.9599609375,2744.909912109375,9700038848,2017,6,2,25,8.987272419543114,24.631542098136027,108.50373365586718
2017-06-30,-0.11320715716906958,2738.52001953125,2757.93994140625,2332.989990234375,2480.840087890625,8291041984,2017,6,2,26,-9.620345755384763,-0.3098173951185168,59.4934048518605
2017-07-07,-0.16536834836006165,2492.60009765625,2916.139892578125,2394.840087890625,2518.659912109375,6154224000,2017,7,3,27,1.5244765030746787,-10.80632691833172,46.0736281709262
2017-07-14,0.0020506387766526563,2520.27001953125,2635.489990234375,2183.219970703125,2233.340087890625,6537828992,2017,7,3,28,-11.328239388214778,-11.324723813113236,12.357443076718999
2017-07-21,-0.08356616539614543,2230.1201171875,2900.699951171875,1843.030029296875,2667.760009765625,9874498112,2017,7,3,29,19.45157946299647,-2.810653347980474,21.128581487515063
2017-07-28,-0.023845647735291995,2668.6298828125,2897.449951171875,2450.800048828125,2809.010009765625,7683141952,2017,7,3,30,5.294704151907936,13.22817715969884,12.877376570682465
2017-08-04,-0.02977239972069151,2807.02001953125,2921.35009765625,2644.85009765625,2895.889892578125,6596800896,2017,8,3,31,3.092900435045043,14.97740836923156,2.5525737386271175
2017-08-11,0.2567319027961247,2897.6298828125,3679.719970703125,2874.830078125,3650.6201171875,11291030016,2017,8,3,32,26.062117435599763,63.46010788869538,44.94870212568372
2017-08-18,0.08749660094376324,3650.6298828125,4484.7001953125,3613.699951171875,4160.6201171875,18866929664,2017,8,3,33,13.970229265950373,55.959310506083696,51.5758349238572
2017-08-25,0.0929575535107632,4137.75,4455.7001953125,3674.580078125,4371.60009765625,17786259968,2017,8,3,34,5.070878247143806,55.62778638944768,76.21450568276147
2017-09-01,0.15002682460408634,4372.06005859375,4892.009765625,4224.64013671875,4892.009765625,13976339968,2017,9,3,35,11.904329223703636,68.92941192835853,94.23065980861016
2017-09-08,-0.05135862671193621,4901.419921875,4975.0400390625,3998.110107421875,4228.75,17058240128,2017,9,3,36,-13.558022109554447,15.836484330171864,89.34644226057064
2017-09-15,-0.18822679498365943,4229.81005859375,4344.64990234375,2946.6201171875,3637.52001953125,15570969984,2017,9,3,37,-13.98119965637008,-12.572647416074501,36.351096283612975
2017-09-22,0.11443643596302085,3637.75,4094.070068359375,3445.639892578125,3630.699951171875,10384880000,2017,9,3,38,-0.18749225633826194,-16.948031154121225,29.251940667694853
2017-09-29,-0.08589044712027724,3629.919921875,4279.31005859375,3594.580078125,4163.06982421875,8880329024,2017,9,3,39,14.663009342731371,-14.90062318616654,43.75787680630676
2017-10-06,-0.13842835732463263,4166.10986328125,4470.22998046875,4160.85986328125,4370.81005859375,8483890048,2017,10,4,40,4.990073266762596,3.359386546704113,19.72787960093467
2017-10-13,-0.0017813217612891552,4369.35009765625,5840.2998046875,4321.0498046875,5647.2099609375,13416048000,2017,10,4,41,29.20282247987722,55.24890394047177,35.73000663071606
2017-10-20,0.09116315192916767,5643.52978515625,6060.10986328125,5151.43994140625,6011.4501953125,14008949888,2017,10,4,42,6.449914858744377,65.57276217144283,37.51143885588768
2017-10-27,-0.13142028251607943,5996.7900390625,6194.8798828125,5397.8798828125,5780.89990234375,14961430016,2017,10,4,43,-3.8351859447912306,38.86146873427965,18.170244527408165
2017-11-03,0.19296027158393342,5787.81982421875,7461.2900390625,5689.18994140625,7207.759765625,19240440448,2017,11,4,44,24.682313954316328,64.90672596154867,70.44658032811115
2017-11-10,-0.19900117463806044,7164.47998046875,7776.419921875,6436.8701171875,6618.14013671875,23339150080,2017,11,4,45,-8.180345184619553,17.19309504157456,81.94099554595986
2017-11-17,-0.06552334378163018,6618.60986328125,8004.58984375,5519.009765625,7708.990234375,37302749952,2017,11,4,46,16.482728910558997,28.23844469985257,112.32793505524414
2017-11-24,-0.01625260074460317,7697.2099609375,8374.16015625,7463.43994140625,8253.6904296875,27499890176,2017,11,4,47,7.065778769359943,42.77518326067551,98.25971646383339
2017-12-01,0.21206331447679166,8241.7099609375,11517.400390625,8191.14990234375,10975.599609375,48482389504,2017,12,4,48,32.978086625312855,52.27477005711889,151.11133776667143
2017-12-08,-0.05632236226678374,10978.2998046875,18353.400390625,10862.0,16569.400390625,76517478400,2017,12,4,49,50.96578756819772,150.3633958836062,193.40861248718818
2017-12-15,0.03621892805407646,16523.30078125,18154.099609375,13226.599609375,17706.900390625,95166599168,2017,12,4,50,6.865064354673933,129.69156598056804,194.55289182021613
2017-12-22,-0.056309415558838824,17760.30078125,20089.0,11833.0,13831.7998046875,118653498368,2017,12,4,51,-21.88469184583649,67.58321532070349,139.2672427882668
2017-12-29,-0.02384423094541847,13948.7001953125,16930.900390625,12747.7001953125,14656.2001953125,86626899968,2017,12,4,52,5.96018162687415,33.53439189594389,103.33918820672059
2018-01-05,-0.11634623280593326,14681.900390625,17705.19921875,12350.099609375,17429.5,116222698496,2018,1,1,1,18.92236574098167,5.190891577836743,163.35948831451432
2018-01-12,-0.04133302483226165,17462.099609375,17712.400390625,13105.900390625,13980.599609375,116355100672,2018,1,1,2,-19.787718469405313,-21.04434259551664,81.35448592261014
2018-01-19,-0.05946458182772809,13952.400390625,14659.5,9402.2900390625,11607.400390625,100043699200,2018,1,1,3,-16.974945889721347,-16.081778549951732,40.632853745939165
2018-01-26,-0.001442220746254457,11656.2001953125,13103.0,10129.7001953125,11171.400390625,70495249408,2018,1,1,4,-3.7562243510799065,-23.77696645957419,1.7839643228489521
2018-02-02,-0.15966896692038451,11174.900390625,12040.2998046875,7796.490234375,8830.75,62406309888,2018,2,1,5,-20.952166324548404,-49.3344616885166,-46.704468527440156
2018-02-09,0.06589554200569789,8852.1201171875,9430.75,6048.259765625,8736.98046875,62923280896,2018,2,1,6,-1.0618524049486155,-37.50639662914583,-50.657764622791724
2018-02-16,0.266812377455148,8720.080078125,10324.099609375,7931.10009765625,10233.900390625,50124829696,2018,2,1,7,17.133149458547024,-11.832968225248274,-26.01179502932942
2018-02-23,0.15713256452055205,10207.5,11958.5,9734.5595703125,10301.099609375,60168439808,2018,2,1,8,0.6566335041873206,-7.7904358524321875,-29.715072992318937
2018-03-02,-0.35362443538074323,10287.7001953125,11189.0,9407.0595703125,11086.400390625,48752799744,2018,3,1,9,7.623465562213383,25.543134961639737,-36.39289485857311
2018-03-09,-0.3033941619250239,11101.900390625,11704.099609375,8513.0302734375,9337.5498046875,50763620352,2018,3,1,10,-15.774737735580812,6.873877515070426,-33.2106628786794
2018-03-16,-0.14012980662997393,9350.58984375,9937.5,7783.0498046875,8338.349609375,42693269504,2018,3,1,11,-10.700882096616994,-18.522271166391878,-28.163504929926674
2018-03-23,0.1480564512903728,8321.91015625,9177.3701171875,7397.990234375,8879.6201171875,41683879936,2018,3,1,12,6.491338612186959,-13.799298580646823,-20.51470892906814
2018-03-30,-0.24883979295386746,8901.9501953125,8996.1796875,6683.93017578125,6890.52001953125,39119799808,2018,3,1,13,-22.40073416886522,-37.847093946218244,-21.971293270319624
2018-04-06,-0.2358444435255868,6892.47998046875,7530.93994140625,6526.8701171875,6636.31982421875,33260640256,2018,4,2,14,-3.6891293340991282,-28.928680831375253,-24.043325403379225
2018-04-13,0.15980628083825382,6630.509765625,8183.9599609375,6630.509765625,7895.9599609375,38108520192,2018,4,2,15,18.981004081837472,-5.3054821297023995,-22.845057509346333
2018-04-20,-0.053616785340838975,7874.669921875,8880.23046875,7846.0,8845.830078125,44999329792,2018,4,2,16,12.029824389772115,-0.3805347370333556,-14.127322193113867
2018-04-27,0.002982843241521308,8848.7900390625,9745.3203125,8652.150390625,8987.0498046875,59402390016,2018,4,2,17,1.5964553390158898,30.426292634135233,-18.936268869675455
2018-05-04,-0.050562767736065446,8939.26953125,9798.330078125,8891.0498046875,9700.759765625,59028709376,2018,5,2,18,7.9415378399843695,46.17679711913232,3.8897780310115815
2018-05-11,-0.11008931355816974,9700.2802734375,9964.5,8394.4599609375,8441.490234375,52306220032,2018,5,2,19,-12.981143350361767,6.908979733133402,1.2369429183448633
2018-05-18,-0.21851187338904726,8441.4404296875,8881.1201171875,7974.81982421875,8250.9697265625,45144560128,2018,5,2,20,-2.2569534824156023,-6.724754447109948,-7.079699157491848
2018-05-25,-0.1308524898120335,8255.73046875,8562.41015625,7331.14013671875,7480.14013671875,37603630080,2018,5,2,21,-9.342290850519108,-16.767567786068906,8.556975605850003
2018-06-01,-0.03577602619216554,7486.47998046875,7608.89990234375,7090.68017578125,7541.4501953125,33782450432,2018,6,2,22,0.8196378339596855,-22.259179924897154,13.63904083993277
2018-06-08,-0.05474862655003865,7536.72021484375,7754.89013671875,7397.0,7624.919921875,33151609344,2018,6,2,23,1.1068126739653072,-9.673295707608641,-3.4326420144399905
2018-06-15,-0.11497570371546709,7632.52001953125,7683.580078125,6285.6298828125,6456.580078125,33196159744,2018,6,2,24,-15.322650673329308,-21.747621284572016,-27.009901602207076
2018-06-22,-0.20726467959292522,6455.4501953125,6822.5,6006.60009765625,6083.68994140625,26892000000,2018,6,2,25,-5.775350606772589,-18.668770501471766,-32.30603953888076
2018-06-29,-0.19493724150317052,6090.10009765625,6327.3701171875,5826.41015625,6218.2998046875,27509090048,2018,6,2,26,2.212635170064803,-17.545039168294498,-35.8988372568273
2018-07-06,0.006409558795747315,6214.22021484375,6771.919921875,6214.22021484375,6673.5,31891249920,2018,7,3,27,7.32033207806031,-12.477769361819636,-20.944053541346076
2018-07-13,-0.0034542493876956737,6668.7099609375,6885.91015625,6136.419921875,6238.0498046875,26338280192,2018,7,3,28,-6.525064738330711,-3.3846133834517733,-24.39616176744377
2018-07-20,-0.01686671787784212,6247.5,7594.669921875,6212.22021484375,7354.1298828125,33048790016,2018,7,3,29,17.89149033863655,20.882720086694405,-1.684597502227092
2018-07-27,-0.15390946153475313,7352.72021484375,8424.26953125,7262.41015625,8165.009765625,35772609792,2018,7,3,30,11.026183868571927,31.30614512137264,8.268430529450189
2018-08-03,-0.03704685530750268,8169.06005859375,8272.259765625,7328.64990234375,7434.39013671875,32573750096,2018,8,3,31,-8.948178261613183,11.401665343803845,-2.4987775230221443
2018-08-10,0.015484267980063051,7438.669921875,7497.490234375,6124.52001953125,6184.7099609375,30416350000,2018,8,3,32,-16.809451115687747,-0.8550724251979891,-4.210744912908315
2018-08-17,-0.02698212407884143,6185.7900390625,6588.490234375,5971.0498046875,6580.6298828125,33315640000,2018,8,3,33,6.401592384697463,-10.517899633616267,8.168396913590591
2018-08-24,0.15065099987245742,6583.43017578125,6816.7900390625,6297.93017578125,6719.9599609375,26530080000,2018,8,3,34,2.117275710778177,-17.698078093809688,8.06748101582102
2018-08-31,-0.2374067632924943,6719.9501953125,7113.2998046875,6620.75,7037.580078125,28391820000,2018,8,3,35,4.726518000610058,-5.337493073357679,5.455609172473208
2018-09-07,0.009403517984208614,7044.81005859375,7388.43017578125,6396.8701171875,6467.06982421875,32395600000,2018,9,3,36,-8.106625396413946,4.565450361692447,3.671340029365533
2018-09-14,-0.19239858705170296,6460.169921875,6596.10009765625,6197.52001953125,6512.7099609375,27422320000,2018,9,3,37,0.7057313120051756,-1.0321188561659644,-11.441461264391062
2018-09-21,0.1440515669970826,6509.39990234375,6794.330078125,6208.33984375,6734.9501953125,29892290000,2018,9,3,38,3.4124079792893003,0.22307029300974168,-17.514486955460907
2018-09-28,-0.36391313678147835,6735.0498046875,6814.56005859375,6381.85986328125,6644.1298828125,31669190000,2018,9,3,39,-1.348492711396898,-5.59070292550512,-10.629792617461964
2018-10-05,-0.10199095777102878,6643.10009765625,6653.2998046875,6454.02978515625,6622.47998046875,27743420000,2018,10,4,40,-0.32585007706962266,2.4031000201667707,7.078262720421757
2018-10-12,-0.17816569052991413,6622.4501953125,6675.06005859375,6236.47021484375,6274.580078125,26879430000,2018,10,4,41,-5.2533175391966225,-3.656387037665987,-4.650767633761788
2018-10-19,0.01861160248517992,6278.080078125,6965.06005859375,6258.68017578125,6465.41015625,29186290000,2018,10,4,42,3.0413203074782347,-4.002108868601562,-3.787966091571593
2018-10-26,0.0479786234343944,6460.919921875,6556.3798828125,6447.02978515625,6474.75,23983020000,2018,10,4,43,0.14445864259626795,-2.549316250584799,-7.9974944778881
2018-11-02,0.042665597330145286,6480.83984375,6547.14013671875,6306.990234375,6388.43994140625,27034960000,2018,11,4,44,-1.3330253460558272,-3.5340241080794366,-1.215850221966619
2018-11-09,-0.14637829008556547,6387.240234375,6552.16015625,6294.56982421875,6385.6201171875,30876840000,2018,11,4,45,-0.04413948075919771,1.7696808022200194,-1.9514126149064004
2018-11-16,-0.17500650331276613,6386.1298828125,6437.27978515625,5358.3798828125,5575.5498046875,36154350000,2018,11,4,46,-12.685851924069503,-13.763401393835583,-17.214683954633227
2018-11-23,-0.34167320785068334,5578.580078125,5653.60986328125,4195.68017578125,4347.10986328125,39491660000,2018,11,4,47,-22.032624305023173,-32.860575878894934,-34.57217212856332
2018-11-30,-0.11689889878034594,4347.68994140625,4413.08984375,3585.06005859375,4017.2685546875,43812404484,2018,11,4,48,-7.587600013973006,-37.11659510720544,-39.338909796098
2018-12-07,-0.018327762967064305,4024.46435546875,4309.37744140625,3280.228759765625,3419.937255859375,38772082352,2018,12,4,49,-14.869090544896146,-46.44314580107435,-45.495360434042986
2018-12-14,-0.09473589133648642,3421.910400390625,3685.3056640625,3206.542236328125,3242.48486328125,32825632220,2018,12,4,50,-5.188761643918937,-41.844571802493554,-49.84873681762021
2018-12-21,0.08728909336385271,3243.99755859375,4198.4296875,3191.303466796875,3896.543701171875,41560420050,2018,12,4,51,20.171530954465176,-10.364729125324711,-39.819395325350406
2018-12-28,-0.19568328985146113,3898.083740234375,4271.79248046875,3642.632080078125,3923.918701171875,41244599149,2018,12,4,52,0.7025456943230646,-2.3237145399876424,-38.577825929938605
2019-01-04,-0.17896182707377845,3932.49169921875,3963.7587890625,3707.231201171875,3857.717529296875,33371313810,2019,1,1,1,-1.687118845128699,12.800827637625556,-39.58742520693544
2019-01-11,-0.07592162299318375,3851.973876953125,4109.02099609375,3653.06982421875,3687.365478515625,38798618092,2019,1,1,2,-4.415876732485879,13.720360587409974,-33.86543735264337
2019-01-18,-0.14092702241170976,3686.97314453125,3727.836181640625,3544.92724609375,3657.83935546875,36509889396,2019,1,1,3,-0.8007376328413418,-6.126053343924653,-15.855833634078675
2019-01-25,-0.17488399808909616,3652.3779296875,3758.533447265625,3539.721435546875,3599.765869140625,37818623789,2019,1,1,4,-1.5876445268516393,-8.260946689197258,-10.392700409827393
2019-02-01,0.05842845908233098,3599.71533203125,3654.93310546875,3400.81982421875,3487.9453125,40684263782,2019,2,1,5,-3.106328597624042,-9.585259003249814,1.9885761507497435
2019-02-08,-0.19615033141204283,3484.6259765625,3695.614013671875,3391.023681640625,3666.7802734375,38898611438,2019,2,1,6,5.127229498025576,-0.5582632152430933,13.08550164600868
2019-02-15,-0.033162688925152714,3671.5859375,3695.613037109375,3607.69775390625,3620.810791015625,44000431986,2019,2,1,7,-1.2536743135355577,-1.012307016648073,-7.076345892728575
2019-02-22,0.1171322850818807,3615.270263671875,4010.87939453125,3615.270263671875,4005.526611328125,57111127154,2019,2,1,8,10.625129080677208,11.271864808373433,2.079755376478065
2019-03-01,0.040174568976674783,3998.916259765625,4210.6416015625,3787.058837890625,3859.583740234375,61328826287,2019,3,1,9,-3.64353767319896,10.654938493516731,0.04837603902636545
2019-03-08,0.06819009761531632,3855.318115234375,3950.43212890625,3733.749755859375,3901.131591796875,63433742423,2019,3,1,10,1.0764852989036733,6.39120156877242,5.79725862615883
2019-03-15,-0.03709578510044383,3894.552490234375,3987.23779296875,3863.55908203125,3960.9111328125,69789345123,2019,3,1,11,1.5323641258686793,9.392933280047977,8.285540940736901
2019-03-22,-0.10431573092937471,3963.900146484375,4097.35986328125,3961.657470703125,4023.96826171875,67329731534,2019,3,1,12,1.5919854496072805,0.4604051397004705,11.78416619299174
2019-03-29,-0.10361610140119279,4022.71337890625,4113.5009765625,3934.03125,4098.37451171875,70960912702,2019,3,1,13,1.8490764628501077,6.1869566138724075,17.501111529217827
2019-04-05,-0.08714039779844741,4092.13623046875,5307.00341796875,4053.90966796875,5036.68115234375,108239679699,2019,4,2,14,22.894604627811297,29.108209600892664,37.359775518318905
2019-04-12,-0.15962331323396592,5036.79296875,5421.6513671875,4955.8525390625,5089.5390625,111196842593,2019,4,2,15,1.049459129086494,28.494149246062527,40.56351895351047
2019-04-19,0.0643837380976904,5088.85009765625,5336.68017578125,5024.0693359375,5303.8125,84599266604,2019,4,2,16,4.2100755072061125,31.805525169191885,32.41236458148005
2019-04-26,-0.10272308439016341,5304.16064453125,5642.04443359375,5177.36865234375,5279.34814453125,106560856348,2019,4,2,17,-0.4612598101601417,28.815659218933387,36.785428166682536
2019-05-03,0.08134806033164733,5279.47119140625,5865.8818359375,5216.48779296875,5768.28955078125,100590491126,2019,5,2,18,9.261397294976327,14.525604784354007,47.86195787167373
2019-05-10,0.01657244038014185,5769.20263671875,6434.61767578125,5645.46923828125,6378.84912109375,117665318405,2019,5,2,19,10.584759397693656,25.332550605485203,61.04499462890902
2019-05-17,0.22608776044148904,6379.6669921875,8320.82421875,6375.69873046875,7343.8955078125,208927975823,2019,5,2,20,15.128847984936789,38.46446321042647,82.50381290720507
2019-05-24,-0.07548918837592715,7341.66455078125,8261.94140625,7251.50439453125,7987.37158203125,171323065984,2019,5,2,21,8.762053783774771,51.29465538856679,94.89120770179585
2019-05-31,-0.12602467224711464,7991.88525390625,9008.314453125,7924.67041015625,8574.501953125,179196741503,2019,5,2,22,7.350733155004141,48.64895178439301,70.24111103667887
2019-06-07,0.05911569598040071,8573.83984375,8809.3037109375,7564.48876953125,8043.951171875,149745720322,2019,6,2,23,-6.187540502648547,26.103486995405568,58.04871665379816
2019-06-14,0.02105327253979617,8036.77490234375,8710.63671875,7583.2197265625,8693.8330078125,126465007342,2019,6,2,24,8.079137006820192,18.381763446442356,63.916673295153245
2019-06-21,-0.04085099299748738,8689.74609375,10144.556640625,8618.3955078125,10144.556640625,127148388365,2019,6,2,25,16.68681272700825,27.007445896803528,92.15547758738931
2019-06-28,0.023193346329495657,10175.923828125,13796.4892578125,10107.03515625,12407.33203125,215315834423,2019,6,2,26,22.30531575488932,44.700323110056736,115.09551353172913
2019-07-05,0.15373220036224441,12400.763671875,12400.91015625,9737.884765625,10978.4599609375,198130187706,2019,7,3,27,-11.516352320657175,36.480937369719044,72.10722110723128
2019-07-12,0.22448346633759755,10982.5439453125,13129.529296875,10982.5439453125,11815.986328125,177869136295,2019,7,3,28,7.628814698669073,35.91227617906685,60.89534928097835
2019-07-19,-0.23762217150523818,11813.126953125,11841.95703125,9163.134765625,10530.732421875,163548235169,2019,7,3,29,-10.877246050892719,3.806729016658217,31.842275193073633
2019-07-26,-0.09173590563186983,10525.8193359375,11048.662109375,9614.306640625,9870.3037109375,119239928425,2019,7,3,30,-6.271441382041221,-20.447815162216642,15.112268501382076
2019-08-02,0.1741639984742043,9871.1650390625,10657.953125,9252.296875,10518.1748046875,109463705672,2019,8,3,31,6.5638415262954775,-4.192620439367111,30.758809693716383
2019-08-09,-0.03719143233602007,10519.2783203125,12273.8212890625,10503.5048828125,11862.9365234375,139411246671,2019,8,3,32,12.78512426082421,0.3973446990265028,36.45231640379063
2019-08-16,-0.2813394854871594,11861.556640625,11915.6552734375,9675.31640625,10374.3388671875,127346589209,2019,8,3,33,-12.548306680297838,-1.4851156445930713,2.2650790438915047
2019-08-23,-0.09706675709307598,10358.72265625,10947.0419921875,9831.462890625,10407.96484375,110066813842,2019,8,3,34,0.3241264527116483,5.4472602724139785,-16.11440060171074
2019-08-30,-0.5048370281855264,10407.64453125,10512.328125,9421.6298828125,9598.173828125,111051083653,2019,8,3,35,-7.7804933796570275,-8.746773975961064,-12.572675381826793
2019-09-06,-0.13040604437289594,9597.5390625,10898.76171875,9531.7998046875,10353.302734375,110363661621,2019,9,3,36,7.867422696985216,-12.725633202874597,-12.378853132797285
2019-09-13,0.03290447483257373,10353.931640625,10595.6376953125,9980.7763671875,10360.546875,106342179002,2019,9,3,37,0.06996936930037112,-0.1329433360917287,-1.6160846184020583
2019-09-20,0.15296982668694994,10345.4033203125,10422.1337890625,9851.6923828125,10181.6416015625,106818067599,2019,9,3,38,-1.7267937261999045,-2.174519664364616,3.1542888622565934
2019-09-27,-0.07703963040359439,10183.6484375,10188.09765625,7895.62939453125,8251.845703125,124184605399,2019,9,3,39,-18.95368128201791,-14.026919590213394,-21.54679061382868
2019-10-04,-0.09729774421304803,8251.2734375,8497.6923828125,7830.7587890625,8205.939453125,99530591522,2019,10,4,40,-0.5563149342772467,-20.74085281134813,-30.827081162302463
2019-10-11,0.25334900662201604,8210.1494140625,8721.7802734375,7905.76611328125,8321.7568359375,115571318246,2019,10,4,41,1.4113848082122349,-19.678401764506283,-19.785183976802735
2019-10-18,-0.18323965346326632,8315.6650390625,8470.98828125,7902.1640625,7973.20751953125,104749020005,2019,10,4,42,-4.188410251319052,-21.6903537607564,-23.393212417323117
2019-10-25,0.0602082091191458,7973.8037109375,8691.5400390625,7446.98876953125,8660.7001953125,128890855100,2019,10,4,43,8.622535837643275,4.954703552353945,-9.767208321081588
2019-11-01,0.1596258344158294,8667.5771484375,10021.744140625,8662.6220703125,9261.1044921875,215079296934,2019,11,4,44,6.932514500386033,12.858552577556125,-10.549273697572726
2019-11-08,-0.09336871938271954,9259.783203125,9505.0517578125,8775.5341796875,8804.880859375,164911079354,2019,11,4,45,-4.926233509160404,5.805553237882766,-15.015288617426382
2019-11-15,-0.04184619650548819,8809.46875,9103.826171875,8484.84375,8491.9921875,137169182210,2019,11,4,46,-3.553582119647325,6.5065993415815315,-16.595058834158948
2019-11-22,0.022802413219497338,8491.166015625,8727.7890625,6936.70654296875,7296.57763671875,155347972787,2019,11,4,47,-14.076962441638496,-15.750719085416042,-11.576416971108493
2019-11-29,-0.04322536843163628,7296.16455078125,7781.1796875,6617.1669921875,7761.24365234375,178008403482,2019,11,4,48,6.368273439408756,-16.195269593481054,-5.41919427167965
2019-12-06,-0.04433221107437497,7764.05712890625,7836.10205078125,7170.9228515625,7546.99658203125,126343222196,2019,12,4,49,-2.7604734487082006,-14.286215764116983,-9.31005638809883
2019-12-13,-0.012382485264909548,7547.265625,7634.6064453125,7164.7412109375,7269.6845703125,119387788970,2019,12,4,50,-3.6744684949110207,-14.393649807953269,-8.823587590005566
2019-12-20,-0.041127569811279255,7268.90283203125,7346.6025390625,6540.04931640625,7218.81640625,156970172075,2019,12,4,51,-0.6997300030077258,-1.0657219636426518,-16.64858217633376
2019-12-27,-0.09917403869077461,7220.59375,7656.17626953125,7112.73583984375,7290.08837890625,160394376449,2019,12,4,52,0.9873082877484451,-6.0706156711781585,-21.2827326907278
2020-01-03,-0.017738734824316846,7289.03125,7513.9482421875,6914.99609375,7344.88427734375,155332238006,2020,1,1,1,0.751649302305446,-2.67804950606062,-16.581673339471912
2020-01-10,0.18797506997171712,7345.37548828125,8396.73828125,7309.51416015625,8166.55419921875,174646031870,2020,1,1,2,11.186968927605134,12.33711889741176,-3.8322926010257774
2020-01-17,-0.0278004056312354,8162.19091796875,8958.1220703125,8009.05908203125,8929.0380859375,223538254162,2020,1,1,3,9.336665968514524,23.691164637554742,22.372960728926916
2020-01-24,0.1694903687521173,8927.2119140625,9164.3623046875,8266.8408203125,8445.4345703125,189843685144,2020,1,1,4,-5.4160763003871075,15.848178120161416,8.815480464424507
2020-01-31,0.11031303459149097,8440.119140625,9553.1259765625,8296.21875,9350.529296875,197364973826,2020,1,1,5,10.716970441569696,27.306693254758585,23.897356984867415
2020-02-07,0.11923168386731829,9346.357421875,9834.716796875,9112.8115234375,9795.943359375,224959276416,2020,2,1,6,4.763517105377768,19.951978771072444,34.750597011857764
2020-02-14,0.02135692416202453,9793.0703125,10457.626953125,9678.91015625,10312.1162109375,284153175254,2020,2,1,7,5.269251083087445,15.489665422955623,42.850512197669175
2020-02-21,-0.02981468805134407,10313.8564453125,10341.5556640625,9507.6376953125,9686.44140625,313356984962,2020,2,1,8,-6.067375424104327,14.694410638144095,32.87138512994654
2020-02-28,-0.14308586120605465,9687.70703125,9951.74609375,8492.9326171875,8672.455078125,305114663592,2020,2,1,9,-10.468099538296327,-7.25172016707778,18.07476810596342
2020-03-06,0.09888850323467298,8671.212890625,9167.6953125,8471.212890625,9122.5458984375,271657593690,2020,3,1,10,5.18988932497082,-6.874248209010303,11.70618201872957
2020-03-13,-0.11638711466268821,9121.6005859375,9163.220703125,4106.98095703125,5563.70703125,332160861216,2020,3,1,11,-39.011465733453356,-46.046893601248605,-37.689737934790756
2020-03-20,-0.06045710967802185,5573.07763671875,6844.26171875,4575.35791015625,6198.7783203125,297465573928,2020,3,1,12,11.414535048223385,-36.00561795260692,-26.602020669220206
2020-03-27,0.1952114344804318,6206.521484375,6892.51123046875,5785.00439453125,6469.79833984375,291803386189,2020,3,1,13,4.372152148805775,-25.398306689845295,-30.808212728599294
2020-04-03,0.014705366399593736,6467.25390625,7088.24755859375,5903.234375,6733.38720703125,260130614462,2020,4,2,14,4.074143479313852,-26.189604503009,-31.26351429352432
2020-04-10,-0.07114179696871603,6738.3828125,7427.939453125,6696.48486328125,6865.4931640625,269838015442,2020,4,2,15,1.9619539611994918,23.39781957426372,-33.42304311135822
2020-04-17,-0.003934991260965066,6867.4404296875,7167.18310546875,6555.50439453125,7096.1845703125,251296373252,2020,4,2,16,3.3601578318882774,14.477147005875812,-26.741057188104023
2020-04-24,0.008184898654361835,7092.29150390625,7574.19580078125,6834.4423828125,7550.90087890625,245481716516,2020,4,2,17,6.40789855574071,16.709988198621485,-12.93237254174664
2020-05-01,0.20725815236950526,7550.48291015625,9440.650390625,7521.67236328125,8864.7666015625,306595872325,2020,5,2,18,17.400118790151087,31.65389615950773,-2.8257385574694927
2020-05-08,0.10985410134796493,8869.0576171875,9996.7431640625,8645.0244140625,9842.666015625,338368768331,2020,5,2,19,11.031304692107025,43.36429707841738,76.90841664273694
2020-05-15,-0.07851475044375374,9840.90625,9913.86328125,8374.3232421875,9328.197265625,359297831500,2020,5,2,20,-5.2269247903290905,31.45370125588782,50.4844468313675
2020-05-22,-0.14687190032624575,9333.240234375,9906.0302734375,8869.9306640625,9182.5771484375,263013619856,2020,5,2,21,-1.5610745896650347,21.609027792821433,41.92988198546024
2020-05-29,-0.06000144556671583,9185.0625,9573.6669921875,8719.66796875,9439.1240234375,221123266383,2020,5,2,22,2.7938439378497826,6.479103711244516,40.1838886315764
2020-06-05,-0.11222526140431957,9438.9140625,10199.5654296875,9366.7294921875,9665.533203125,209271311597,2020,6,2,23,2.3986249055031106,-1.7996426193757409,40.78425208722574
2020-06-12,-0.031537176968663184,9664.904296875,9938.2978515625,9263.0693359375,9480.84375,169222134719,2020,6,2,24,-1.9108046006741541,1.6363985454886487,33.60480771123016
2020-06-19,-0.06084537182738179,9480.7353515625,9579.4306640625,8990.17578125,9288.0185546875,142401313027,2020,6,2,25,-2.0338400294013903,1.1482768349835304,23.005436088215102
2020-06-26,-0.08031183046058714,9290.9599609375,9680.3671875,9095.32421875,9162.91796875,126484516051,2020,6,2,26,-1.3469028426344343,-2.9261831288759033,3.3633301426678086
2020-07-03,-0.22253135592943368,9167.82421875,9309.7548828125,8975.525390625,9087.3037109375,109419746876,2020,7,3,27,-0.8252202853979651,-5.982385865691819,-7.674366919373066
2020-07-10,0.04109837191876953,9084.2333984375,9450.3359375,8977.015625,9278.8076171875,111485948517,2020,7,3,28,2.107378737870347,-2.130993170439077,-0.5294661661959466
2020-07-17,-0.024564093826603284,9277.51171875,9319.4189453125,9088.947265625,9151.392578125,108810401826,2020,7,3,29,-1.3731833261256932,-1.4709916410917123,-0.3396058623673648
2020-07-24,0.030290393387918033,9151.18359375,9623.3369140625,9097.6328125,9536.892578125,108248212572,2020,7,3,30,4.21247363949262,4.081392092021718,1.0357799563257997
2020-07-31,0.09014503870875877,9539.4853515625,11415.8642578125,9530.2119140625,11323.466796875,171879338044,2020,7,3,31,18.73329498172087,24.607553099012726,17.153048454832962
2020-08-07,-0.02854707853999542,11322.5703125,12034.14453125,11012.4150390625,11601.47265625,165951955802,2020,8,3,32,2.45513025614843,25.03193443476657,22.36751245109381
2020-08-14,0.12067614971718074,11604.5537109375,12150.994140625,11195.708984375,11768.87109375,165040268451,2020,8,3,33,1.4429067969213172,28.601969517532023,26.710245295649827
2020-08-21,-0.03150496792037051,11768.697265625,12359.056640625,11564.9794921875,11592.4892578125,166649734650,2020,8,3,34,-1.4987149959622692,21.554155746731073,26.51525744690193
2020-08-28,-0.02340244416892162,11585.4775390625,11807.6318359375,11185.94140625,11542.5,151203479273,2020,8,3,35,-0.43122108376172363,1.9343298925506458,27.017874246982853
2020-09-04,-0.09257877501500707,11541.0546875,12067.0810546875,10182.46484375,10511.8134765625,176773006525,2020,9,3,36,-8.929491214533247,-9.392421220770398,13.288408492175808
2020-09-11,-0.09640375862446168,10512.5302734375,10581.5712890625,9916.4931640625,10400.9150390625,272857909078,2020,9,3,37,-1.0549886349036086,-11.623511242416185,13.653905132693044
2020-09-18,0.06309944935261255,10409.861328125,11100.1240234375,10224.330078125,10944.5859375,236483664868,2020,9,3,38,5.227144884807222,-5.588992199202258,14.760503464240117
2020-09-25,-0.024657091833505135,10933.7529296875,11134.0927734375,10197.865234375,10692.716796875,210252148570,2020,9,3,39,-2.301312649590581,-7.362210986571371,-5.570290541886624
2020-10-02,-0.06082259181469209,10695.5751953125,10945.34765625,10416.689453125,10575.974609375,327798951362,2020,10,4,40,-1.0917916346023349,0.6103716828267158,-8.839378217407068
2020-10-09,-0.08356546929842956,10575.1005859375,11102.671875,10511.1298828125,11064.4580078125,329986692320,2020,10,4,41,4.618802677575329,6.379659542049376,-5.985392144464797
2020-10-16,-0.01431293991349993,11059.142578125,11698.4677734375,11056.9404296875,11322.123046875,167478139090,2020,10,4,42,2.3287633147558218,3.4495330525152523,-2.3322532799009754
2020-10-23,0.11141859435523635,11322.123046875,13184.56640625,11285.345703125,12931.5390625,199309783261,2020,10,4,43,14.214790008568334,20.937824391639246,12.034126597357586
2020-10-30,0.13829777867763074,12931.57421875,13837.6953125,12822.3828125,13546.5224609375,235108878678,2020,10,4,44,4.755686043750829,28.087698403977623,28.869509444219975
2020-11-06,0.16739244843008302,13546.5322265625,15903.4375,13243.16015625,15565.880859375,231212258076,2020,11,4,45,14.90683977574676,40.68362723582204,49.658763684873364
2020-11-13,0.06284289611440123,15565.880859375,16463.177734375,14423.203125,16317.80859375,216928707894,2020,11,4,46,4.830614734675476,44.123222528073924,49.094800725529964
2020-11-20,0.05158073546625034,16317.80859375,18773.2265625,15749.193359375,18621.314453125,244711923136,2020,11,4,47,14.116514764471999,43.99921280155048,74.149515103282
2020-11-27,0.011876978042907342,18621.31640625,19390.96484375,16351.03515625,17108.40234375,319135010003,2020,11,4,48,-8.124625751761073,26.29368454585648,61.76667376436753
2020-12-04,0.1013069156199321,17112.93359375,19845.974609375,16910.65234375,18699.765625,264287540151,2020,12,4,49,9.301647513751355,20.133038367292457,69.00751588370879
2020-12-11,0.07432021061321357,18698.384765625,19411.828125,17619.533203125,18058.904296875,199012023597,2020,12,4,50,-3.4271088792055426,10.669911300417322,59.501042535122494
2020-12-18,0.19216580401555827,18051.3203125,23642.66015625,18046.041015625,23137.9609375,252594543789,2020,12,4,51,28.124943557643768,24.25525059331686,78.92658271897015
2020-12-25,0.11264760209386851,23132.865234375,24710.1015625,22159.3671875,24664.791015625,300651439127,2020,12,4,52,6.598809991292032,44.167704967702505,82.07470652891125
2021-01-01,0.16440998978760774,24677.015625,29600.626953125,24522.689453125,29374.15234375,347907941478,2021,1,1,53,19.093457249005862,57.082997363770424,88.7085774915113
2021-01-08,0.396293415597169,29376.455078125,41946.73828125,28722.755859375,40797.609375,543400550415,2021,1,1,1,38.88948657162048,125.91409038066507,150.0189234394267
2021-01-15,0.10782203210360837,40788.640625,41436.3515625,30549.599609375,36825.3671875,540799819728,2021,1,1,2,-9.736458210059029,59.1556286527247,97.75922521581188
2021-01-22,0.07657516936388356,36821.6484375,37864.3671875,28953.373046875,33005.76171875,436506853486,2021,1,1,3,-10.372212853444474,33.8173175594354,92.92135557478038
2021-01-29,-0.043017944809840926,32985.7578125,38406.26171875,29367.138671875,34316.38671875,474139537114,2021,1,1,4,3.97089760014675,16.825113171483807,83.51238944338373
2021-02-05,-0.026365412852120802,34295.93359375,38592.17578125,32270.17578125,38144.30859375,430988316515,2021,2,1,5,11.154792916785961,-6.50356925784944,111.22161104951797
2021-02-12,0.20222837360876667,38138.38671875,48745.734375,37446.15234375,47504.8515625,575348787271,2021,2,1,6,24.53981554219005,29.000347289476714,105.31131369276477
2021-02-19,0.08581555668546369,47491.203125,56113.65234375,46347.4765625,55888.1328125,491989383336,2021,2,1,7,17.64721070430142,69.32841389553789,126.5907413409471
2021-02-26,0.13222917166156034,55887.3359375,58330.5703125,44454.84375,46339.76171875,787367987189,2021,2,1,8,-17.08479173169729,35.036832690286104,57.756932613613984
2021-03-05,-0.045627175137405294,46344.7734375,52535.13671875,43241.6171875,48927.3046875,354967589203,2021,3,1,9,5.583850397105139,28.268951493111636,19.926891396439817
2021-03-12,0.15075872798014758,48899.23046875,58091.0625,47257.52734375,57332.08984375,346768545383,2021,3,1,10,17.178107827381027,20.686809784724282,55.686403754884495
2021-03-19,0.0858418114564397,57343.37109375,61683.86328125,53555.02734375,58346.65234375,395808451844,2021,3,1,11,1.7696241367880283,4.399001017797688,76.7771725462233
2021-03-26,0.035123116299206315,58332.26171875,60031.28515625,50856.5703125,55137.3125,410480859255,2021,3,1,12,-5.500469546808162,18.984885668262574,60.67342098657995
2021-04-02,0.25743980130433164,55137.56640625,60267.1875,54242.91015625,59384.3125,392910677247,2021,4,2,13,7.702587970714014,21.37254009655587,55.68328458240872
2021-04-09,0.27357468550040637,59397.41015625,60110.26953125,55604.0234375,58245.00390625,412509675328,2021,4,2,14,-1.9185346193070774,1.5923265050829416,22.60853784506549
2021-04-16,0.20404757122258865,58253.77734375,64863.09765625,58038.70703125,61572.7890625,449030034720,2021,4,2,15,5.713425930241733,5.529257616603567,10.171490733232314
2021-04-23,-0.13133004794953398,61529.921875,62572.17578125,47714.6640625,51093.65234375,513195731634,2021,4,2,16,-17.01910353307702,-7.333799876898239,10.258772269596017
2021-04-30,-0.14904503866571003,51143.2265625,57900.71875,47159.484375,57750.17578125,349349306323,2021,4,2,17,13.028083004745806,-2.751798665261973,18.032612158184303
2021-05-07,0.1249515087476798,57714.6640625,58973.30859375,52969.0546875,57356.40234375,408490303922,2021,5,2,18,-0.6818566907771162,-1.5256270974421726,0.04240644299948748
2021-05-14,0.12447987575493448,57352.765625,59519.35546875,46980.01953125,49880.53515625,492048667890,2021,5,2,19,-13.0340587659167,-18.989319932188998,-14.510030734277212
2021-05-21,-0.09988440966011704,49855.49609375,50639.6640625,30681.49609375,37304.69140625,550991581530,2021,5,2,20,-25.211926276665565,-26.9876203891827,-32.342202195201295
2021-05-28,0.009810581646661515,37371.03125,40782.078125,31227.33984375,35697.60546875,409175943335,2021,5,2,21,-4.307999548900576,-38.186152707192115,-39.887145331942676
2021-06-04,-0.031072662923320633,35684.15625,39478.953125,33520.73828125,36894.40625,260889072996,2021,6,2,22,3.3526080125953817,-35.6751735771651,-36.6565305594545
2021-06-11,-0.08845597968431805,36880.15625,38334.32421875,31114.443359375,37334.3984375,284707589936,2021,6,2,23,1.1925715365049383,-25.152369916339957,-39.3654258545875
2021-06-18,0.0318502498699975,37340.14453125,41295.26953125,34728.19140625,35787.24609375,280671597668,2021,6,2,24,-4.144039835917068,-4.067706380344882,-29.957549613053548
2021-06-25,-0.09489816007197768,35854.52734375,36457.796875,28893.62109375,31637.779296875,299316086692,2021,6,2,25,-11.594820082005908,-11.372824923590485,-45.21613333833873
2021-07-02,-0.019479851517768734,31594.6640625,36542.109375,30184.501953125,33897.046875,256517978331,2021,7,3,26,7.141043487676635,-8.124156693807748,-40.90102326877605
2021-07-09,0.042493186892072786,33854.421875,35937.56640625,32133.18359375,33798.01171875,184673526157,2021,7,3,27,-0.2921645552640739,-9.472194187540273,-32.24208278263604
2021-07-16,-0.02328248734042948,33811.2421875,34592.15625,31100.673828125,31421.5390625,152899491409,2021,7,3,28,-7.031397811284901,-12.199058345572,-15.770542851252056
2021-07-23,0.007519967939016518,31397.30859375,33581.55078125,29360.955078125,33581.55078125,151576363668,2021,7,3,29,6.87430273371894,6.143830343259893,-5.927721648871975
2021-07-30,0.03661751252453343,33593.73046875,42235.546875,33424.859375,42235.546875,227583222606,2021,7,3,30,25.770090696889113,24.59948806381087,14.476830413824594
2021-08-06,0.16893260956288797,42196.3046875,43271.66015625,37458.00390625,42816.5,203060456131,2021,8,3,31,1.3755075238385928,26.683487645064186,14.68378169177511
2021-08-13,0.3104320099292486,42832.796875,47831.9765625,42618.56640625,47793.3203125,248401214895,2021,8,3,32,11.623603780084778,52.10368982065199,33.5484719536628
2021-08-20,-0.055449442094207844,47810.6875,49342.15234375,43998.31640625,49339.17578125,232533854924,2021,8,3,33,3.234459247949961,46.92345836749787,55.95018638404701
2021-08-27,0.07777363703905048,49327.07421875,50482.078125,46394.28125,49058.66796875,235446379737,2021,8,3,34,-0.5685295874087171,16.1549254090249,44.72844242054641
2021-09-03,-0.02125724246393308,49072.5859375,50982.2734375,46562.4375,50025.375,242888773147,2021,9,3,35,1.970512187297424,16.836675113566034,48.01277488239819
2021-09-10,-0.03468173346703958,50009.32421875,52853.765625,43285.20703125,44883.91015625,298723255320,2021,9,3,36,-10.27771374777301,-6.087482805602573,42.84440385613273
2021-09-17,0.029094960148705027,44869.83984375,48486.828125,43591.3203125,47267.51953125,232980415470,2021,9,3,37,5.310609897181795,-4.198805953275119,40.754427450805686
2021-09-24,-0.08556250200486507,47273.52734375,48791.78125,39787.609375,42839.75,263377408219,2021,9,3,38,-9.367467502335646,-12.676491690951341,1.4305559409191426
2021-10-01,-0.1790533230299987,42840.890625,48436.01171875,40829.66796875,48116.94140625,228055592334,2021,10,4,39,12.318445850524329,-3.8149311099616945,12.379436446813719
2021-10-08,0.16324042261242716,48137.46875,55922.98046875,47045.00390625,53967.84765625,247153004114,2021,10,4,40,12.159763440907344,20.238739157031937,12.919226585174282
2021-10-15,0.10150263993710203,53929.78125,62757.12890625,53735.14453125,61593.94921875,285820220375,2021,10,4,41,14.130823988154395,30.309247935103436,24.83781547513628
2021-10-22,0.10742462911394053,61609.52734375,66930.390625,59164.46875,60692.265625,266941249896,2021,10,4,42,-1.463915863793186,41.67278199569324,23.713643557669585
2021-10-29,0.08730606343409028,60694.62890625,63729.32421875,58206.91796875,62227.96484375,245913649024,2021,10,4,43,2.5303046490942505,29.326517906366956,24.392800341326783
2021-11-05,0.11967954020221512,62239.36328125,64242.79296875,59695.18359375,61125.67578125,237642057889,2021,11,4,44,-1.771372509558633,13.263134321368586,36.186164637749066
2021-11-12,0.04657091756526299,61068.875,68789.625,60163.78125,64155.94140625,258001644075,2021,11,4,45,4.9574349670086,4.159486800239298,35.72944390245516
2021-11-19,-0.07551204940260772,64158.12109375,66281.5703125,55705.1796875,58119.578125,252268559509,2021,11,4,46,-9.408892066638652,-4.238905029342444,35.66740731446845
2021-11-26,-0.04060697162908221,58115.08203125,60004.42578125,53569.765625,53569.765625,241999969408,2021,11,4,47,-7.82836463508827,-13.913678907047855,11.332441463209308
2021-12-03,0.08105696860842193,53736.4296875,59113.40234375,52496.5859375,53598.24609375,236784477253,2021,12,4,48,0.05316519200282421,-12.314677246985962,-0.6848551101281464
2021-12-10,-0.15255721063132313,53727.87890625,53904.6796875,42874.6171875,47243.3046875,259017283302,2021,12,4,49,-11.856621940826972,-26.361762212567875,-23.298789431870816
2021-12-17,-0.0944228804217222,47264.6328125,50724.8671875,45618.21484375,46202.14453125,211233144511,2021,12,4,50,-2.203825839739526,-20.505024258983294,-23.87474078374381
2021-12-24,0.01767246041641212,46219.25390625,51814.02734375,45579.80859375,50822.1953125,186309822503,2021,12,4,51,9.99964574831611,-5.128957128044187,-18.32900940901583
2021-12-31,-0.08880745286033268,50854.91796875,51956.328125,45819.953125,46306.4453125,191459636198,2021,12,4,52,-8.885389488260309,-13.604551105078578,-24.243871792572847
2022-01-07,-0.2774049758179078,46311.74609375,47881.40625,41077.4453125,41557.90234375,279356283486,2022,1,1,1,-10.25460481085162,-12.034302810434616,-35.223610732175345
2022-01-14,-0.17108059586817717,41561.46484375,44278.421875,39796.5703125,43099.69921875,212561098618,2022,1,1,2,3.709996867134646,-6.714937897312501,-25.8430625114762
2022-01-21,-0.12195156926947429,43101.8984375,43724.671875,35791.42578125,36457.31640625,166867128860,2022,1,1,3,-15.411668603038208,-28.26497127469989,-31.944230143810714
2022-01-28,-0.16426810109054907,36471.58984375,38825.41015625,33184.05859375,37784.33203125,212622064733,2022,1,1,4,3.6399158133660903,-18.403730244760407,-29.50453646344975
2022-02-04,-0.1704468709472886,37780.71484375,41527.78515625,36375.5390625,41500.875,140019897289,2022,2,1,5,9.83620132724905,-0.13722382635747987,-12.155012706000168
2022-02-11,0.019814240491511894,41501.48046875,45661.171875,41038.09765625,42407.9375,179859059961,2022,2,1,6,2.185646688172227,-1.6050267897207426,-8.21218813486827
2022-02-18,-0.17709828358925508,42412.30078125,44667.21875,39637.6171875,40030.9765625,145792639556,2022,2,1,7,-5.60499066359924,9.802312700222092,-21.233279443451824
2022-02-25,-0.17997182093360162,40026.0234375,40418.87890625,34459.21875,39214.21875,181629162658,2022,2,1,8,-2.0403144830224207,3.7843376920555283,-15.31585185310158
2022-03-04,0.05023398612780266,39213.08203125,45077.578125,37268.9765625,39137.60546875,191753910140,2022,3,1,9,-0.19537117834331763,-5.694505311635001,-5.823914919911721
2022-03-11,0.01626916804788981,39148.44921875,42465.671875,37260.203125,38794.97265625,180770950541,2022,3,1,10,-0.8754567592889173,-8.51954859570806,-9.987834348104407
2022-03-18,0.07354434730342627,38794.46484375,42195.74609375,37680.734375,41801.15625,176221438132,2022,3,1,11,7.7488998906813045,4.422024740606156,14.657798133583654
2022-03-25,0.09319930521986323,41794.6484375,44999.4921875,40668.04296875,44348.73046875,183273343910,2022,3,1,12,6.094506581381953,13.093494865940691,17.37333461941535
2022-04-01,0.10421267700643318,44349.859375,48086.8359375,44166.2734375,46281.64453125,213694535844,2022,4,2,13,4.358442828170728,18.253643719221046,11.519683696428086
2022-04-08,0.09847193593034305,46285.5,47313.4765625,42183.2890625,42287.6640625,209602745602,2022,4,2,14,-8.629728932931958,9.002948493346373,-0.2836106742988842
2022-04-15,-0.1596455621059733,42282.078125,43376.37890625,39373.05859375,40553.46484375,172436624052,2022,4,2,15,-4.1009577076352555,-2.9848251057648656,1.3052099302005349
2022-04-22,-0.11213275399394974,40552.31640625,42893.58203125,38696.19140625,39740.3203125,186133207835,2022,4,2,16,-2.0051172800721107,-10.391301188423608,1.3416091899064009
2022-04-29,-0.2139205441292106,39738.72265625,40713.890625,37884.984375,38609.82421875,199884953142,2022,4,2,17,-2.844708056855827,-16.57637793600848,-1.3485271867779813
2022-05-06,-0.3617504118487497,38605.859375,39902.94921875,35482.1328125,36040.921875,228804297807,2022,5,2,18,-6.653494015397432,-14.772019987359641,-7.098988844902077
2022-05-13,-0.28386794569147805,36042.50390625,36129.92578125,26350.490234375,29283.103515625,364524625721,2022,5,2,19,-18.750403729441235,-27.791364736771584,-29.946666210638607
2022-05-20,-0.1317042783304647,29285.642578125,31308.19140625,28702.91015625,29200.740234375,211938710077,2022,5,2,20,-0.28126554689140715,-26.521125132476243,-34.156536329825535
2022-05-27,-0.33807162276538855,29199.859375,30590.5859375,28261.90625,28627.57421875,197887728165,2022,5,2,21,-1.9628475546324409,-25.85417106134439,-38.14486389000229
2022-06-03,-0.08685980690948447,28622.625,32249.86328125,28554.56640625,29704.390625,222824594805,2022,6,2,22,3.7614657742978563,-17.581490484557705,-29.75636918346275
2022-06-10,-0.022832410052569228,29706.138671875,31693.291015625,28978.146484375,29083.8046875,188372307620,2022,6,2,23,-2.0892060885359443,-0.6805932575372542,-28.28281183973279
2022-06-17,-0.28598721154552675,29084.666015625,29401.916015625,20178.376953125,20471.482421875,293756330578,2022,6,2,24,-29.61208947097115,-29.893960709338284,-48.486871115037644
2022-06-24,-0.07835024422934267,20473.42578125,21620.62890625,17708.623046875,21231.65625,216848726295,2022,6,2,25,3.7133306345841888,-25.834944701343044,-45.00970496599847
2022-07-01,-0.13012013978094922,21233.609375,21783.724609375,18729.65625,19269.3671875,159334471490,2022,7,3,26,-9.242279732651571,-35.129565757587386,-46.53475498120842
2022-07-08,-0.282363871378558,19274.8359375,22314.94140625,18966.951171875,21731.1171875,183115176601,2022,7,3,27,12.775458457177225,-25.28103726112605,-25.789569483628604
2022-07-15,-0.21009230206212823,21716.828125,21877.138671875,18999.953125,20836.328125,198397153187,2022,7,3,28,-4.117547454093584,1.782214378061564,-28.64452079721064
2022-07-22,0.04504650592177314,20834.103515625,24196.818359375,20518.8984375,22714.978515625,243955551375,2022,7,3,29,9.016225792542333,6.986370955516019,-20.653498818815287
2022-07-29,-0.0735022581984728,22706.984375,24294.787109375,20776.81640625,23804.6328125,219645120870,2022,7,3,30,4.797073860868761,23.536142006479686,-19.861568234073147
2022-08-05,-0.15399859942399066,23796.818359375,24572.580078125,22485.701171875,23289.314453125,186229868833,2022,8,3,31,-2.1647818029119192,7.170350480284071,-19.923425757515933
2022-08-12,0.07836971498716565,23291.423828125,24822.62890625,22771.51953125,24402.818359375,181226613984,2022,8,3,32,4.7811794052211365,17.11669260043869,19.203963135073863
2022-08-19,-0.1798066307960891,24402.1875,25135.58984375,20868.84765625,20877.552734375,204047513658,2022,8,3,33,-14.446141314843963,-8.089049170731489,-1.6678091970568687
2022-08-26,-0.29279567345017726,20872.841796875,21804.908203125,20199.482421875,20260.01953125,219560480665,2022,8,3,34,-2.9578811797621674,-14.890434602245561,5.141073570867616
2022-09-02,-0.1214983155770585,20262.48046875,20542.64453125,19600.78515625,19969.771484375,214136017538,2022,9,3,35,-1.4326148423860485,-14.253502289349607,-8.105177878927217
2022-09-09,0.09262840485418944,19969.71875,21439.41015625,18644.466796875,21381.15234375,236980115199,2022,9,3,36,7.067586429215322,-12.382446859725714,2.6147803753210574
2022-09-16,-0.021804366763874546,21376.912109375,22673.8203125,19400.076171875,19772.583984375,277095651109,2022,9,3,37,-7.523300585083792,-5.292616256601102,-12.953543095918008
2022-09-23,-0.03736266551513513,19777.033203125,20162.53125,18290.314453125,19297.638671875,259576216329,2022,9,3,38,-2.402039677137391,-4.750147737471721,-18.933264697358997
2022-09-30,0.07683351976990539,19296.990234375,20338.455078125,18553.296875,19431.7890625,290314237810,2022,9,3,39,0.6951647966158436,-2.6939838660444138,-16.56349910337267
2022-10-07,8.732252417337216e-05,19431.10546875,20408.392578125,18970.62109375,19546.849609375,203020020099,2022,10,4,40,0.59212533907671,-8.579063957285681,-19.899212781438624
2022-10-14,-0.03216084304698525,19546.328125,19889.146484375,18319.822265625,19185.65625,197033611960,2022,10,4,41,-1.8478341348764693,-2.9683916621055295,-8.103902339038438
2022-10-21,-0.10638836622422465,19185.4375,19666.994140625,18770.970703125,19172.46875,171612366994,2022,10,4,42,-0.06873624664259781,-0.6486281767594027,-5.367965117568174
2022-10-28,-0.0593684383547485,19172.380859375,20938.134765625,19124.197265625,20595.3515625,268712772856,2022,10,4,43,7.421489799011938,5.987932949753327,3.1326351361329996
2022-11-04,0.25440957851743584,20595.103515625,21209.560546875,20086.240234375,21147.23046875,320197603787,2022,11,4,44,2.679628481093088,8.187410715061883,-1.094056443914626
2022-11-11,-0.2050309217976334,21144.83203125,21446.88671875,15682.6923828125,17034.29296875,487411110477,2022,11,4,45,-19.44905980042082,-11.213394283815548,-13.848928484961275
2022-11-18,-0.3297297727965411,17036.875,17109.32421875,15872.94140625,16697.77734375,231813207958,2022,11,4,46,-1.9755185942695097,-12.907526091286492,-13.472432416895241
2022-11-25,-0.1184503310944611,16696.220703125,16797.876953125,15599.046875,16521.841796875,183342085440,2022,11,4,47,-1.053646501885197,-19.778782378456917,-14.975189655803211
2022-12-02,-0.341218970782279,16521.576171875,17197.498046875,16054.5302734375,17088.66015625,161727292489,2022,12,4,48,3.430721382904234,-19.191970875323328,-12.575885640139218
2022-12-09,-0.11928251587680568,17090.09765625,17378.15234375,16750.55859375,17133.15234375,135641741262,2022,12,4,49,0.2603608889941489,0.5803550237239774,-10.69811675714767
2022-12-16,-0.17027938803328116,17134.220703125,18318.53125,16584.701171875,16647.484375,143612130544,2022,12,4,50,-2.834667894184495,-0.30119558857828466,-13.169844780683238
2022-12-23,-0.22322591694697377,16646.982421875,17012.984375,16398.13671875,16796.953125,111984891260,2022,12,4,51,0.8978458644746334,1.6651371651375868,-18.442989069514702
2022-12-30,-0.1876772163676567,16796.9765625,16959.845703125,16408.474609375,16602.5859375,96443668503,2022,12,4,52,-1.1571574085701974,-2.844425568216491,-21.49049511691746
2023-01-06,-0.08670644849572355,16603.673828125,16991.994140625,16517.51953125,16951.96875,93012567391,2023,1,1,1,2.1043879177330638,-1.057502963347512,-0.48328521119735957
2023-01-13,0.0052740455060810276,16952.1171875,19964.322265625,16914.19140625,19909.57421875,134485323089,2023,1,1,2,17.446973341960657,19.595091788455264,19.2348766478323
2023-01-20,0.33566314683479515,19910.537109375,22692.357421875,19907.828125,22676.552734375,190016297592,2023,1,1,3,13.897728224741112,35.00396509783676,37.2519662950902
2023-01-27,0.014978428743552217,22677.427734375,23722.099609375,22387.900390625,23078.728515625,192538976558,2023,1,1,4,1.7735313914815087,39.0068306377348,35.05288480550768
2023-02-03,-0.06134179952817087,23079.96484375,24167.2109375,22657.58203125,23449.322265625,178013298264,2023,2,1,5,1.6057806206658976,38.328017302562564,36.86519442044811
2023-02-10,-0.11141808368856944,23446.3203125,23556.94921875,21539.392578125,21651.18359375,171238878693,2023,2,1,6,-7.668190370307382,8.747597290954756,30.056788797857024
2023-02-17,-0.08297588549404421,21651.841796875,25134.1171875,21460.087890625,24565.6015625,198047040586,2023,2,1,7,13.460778973724551,8.330405640807225,46.250343021660356
2023-02-24,0.2593001599987545,24565.296875,25126.8515625,23007.072265625,23198.126953125,192908013890,2023,2,1,8,-5.566623743757548,0.5173527537236877,39.72598630390314
2023-03-03,-0.039957193461376765,23200.125,23880.6328125,22213.23828125,22362.6796875,147053027661,2023,3,1,9,-3.601356554833657,-4.634004197715935,31.917891174144586
2023-03-10,-0.13818455566562965,22362.923828125,22613.685546875,19628.25390625,20187.244140625,157081157295,2023,3,1,10,-9.727973468631301,-6.761475402885564,1.3946552488977915
2023-03-17,0.13122035012546898,20187.876953125,27787.8125,20068.66015625,27423.9296875,291799941081,2023,3,1,11,35.847813086640315,11.63549004785338,20.935179207942546
2023-03-24,0.09053707294453298,27448.1171875,28803.3359375,26636.26171875,27493.28515625,237951472709,2023,3,1,12,0.2529012783372586,18.51510775763905,19.128248931201774
2023-03-31,0.14140773389050407,27487.337890625,29159.90234375,26606.689453125,28478.484375,125355488197,2023,3,1,13,3.5834175987006,27.3482640406397,21.44694013927808
2023-04-07,0.0009908676185858,28473.33203125,28802.45703125,27276.720703125,27925.859375,99753957949,2023,4,2,14,-1.9405000375831927,38.33418360855774,28.980751810082552
2023-04-14,-0.16547735538882738,27920.513671875,31005.607421875,27828.48046875,30485.69921875,119751884450,2023,4,2,15,9.166557094538842,11.16459080131602,24.09913570074007
2023-04-21,-0.08186304691270488,30490.75,30601.740234375,27177.365234375,27276.91015625,128819648164,2023,4,2,16,-10.525555079040005,-0.7870103509649562,17.58238159212915
2023-04-28,-0.07610392109828881,27265.89453125,29995.837890625,27070.849609375,29340.26171875,137899994836,2023,4,2,17,7.564462216140044,3.0260646332236574,31.201904819797765
2023-05-05,0.02740930986090177,29336.56640625,29952.029296875,27680.79296875,29534.384765625,113011575658,2023,5,2,18,0.6616268414229687,5.759985284696367,46.3022122281155
2023-05-12,-0.348047001982477,29538.859375,29820.126953125,25878.4296875,26804.990234375,117160688074,2023,5,2,19,-9.241413196548908,-12.073559336671558,-2.2569320304489993
2023-05-19,-0.17706849225980845,26807.76953125,27646.34765625,26415.1015625,26890.12890625,88781429998,2023,5,2,20,0.31762246928863647,-1.4179804376097005,-2.193831135756019
2023-05-26,-0.09024615999985049,26888.841796875,27434.68359375,25890.59375,26719.291015625,83308148266,2023,5,2,21,-0.6353182285611547,-8.933017463337956,-6.177271712252064
2023-06-02,-0.094478845854803,26720.181640625,28432.0390625,26574.64453125,27249.58984375,96042392503,2023,6,2,22,1.984703964693102,-7.736050505220837,-2.421660591241881
2023-06-09,-0.16022742644391633,27252.32421875,27407.01953125,25434.8671875,26480.375,103639894144,2023,6,2,23,-2.822849254468418,-1.2110253782473324,-13.138370847294045
2023-06-16,0.18500644299719068,26481.76171875,26531.044921875,24797.16796875,26327.462890625,102854656415,2023,6,2,24,-0.5774544709997498,-2.0924630654865384,-3.480772786163433
2023-06-23,0.16722095469758497,26328.6796875,31389.5390625,26174.4921875,30695.46875,133810308903,2023,6,2,25,16.591062638741437,14.881299552633331,4.618933001486991
2023-06-30,0.06317251230685166,30708.73828125,31256.86328125,29600.275390625,30477.251953125,111912969348,2023,6,2,26,-0.7109088271375574,11.844809877442252,3.192438897855099
2023-07-07,-0.03450445728328809,30471.84765625,31460.052734375,29777.28515625,30342.265625,94698350019,2023,7,3,27,-0.4429084627859958,14.58397256458792,13.196331577426811
2023-07-14,-0.005071018991016216,30346.921875,31814.515625,29966.38671875,30334.068359375,101802396623,2023,7,3,28,-0.02701599717802594,15.21835007571779,12.80744865572041
2023-07-21,-0.01104783842724466,30331.783203125,30437.560546875,29556.427734375,29908.744140625,80663885320,2023,7,3,29,-1.4021337781371157,-2.5629991702765587,11.936892798296416
2023-07-28,-0.011812787751979168,29908.697265625,30330.640625,28934.294921875,29319.24609375,78242844660,2023,7,3,30,-1.9709889659803026,-3.799574387992888,7.5951831270396175
2023-08-04,-0.049478898180647705,29319.4453125,29987.998046875,28657.0234375,29074.091796875,89119058191,2023,8,3,31,-0.8361548454933199,-4.179562079504406,9.794864298088669
2023-08-11,-0.16859666591691028,29075.388671875,30176.796875,28724.140625,29397.71484375,85496932613,2023,8,3,32,1.1130976992711483,-3.0868049235328265,11.661784372767237
2023-08-18,-0.2045840792003132,29399.787109375,29660.25390625,25409.111328125,26049.556640625,110274505915,2023,8,3,33,-11.389178447782733,-12.903208111496966,-15.1354981649368
2023-08-25,-0.3649923350068373,26047.83203125,26786.8984375,25520.728515625,26047.66796875,89806245757,2023,8,3,34,-0.007250303339345621,-11.158466061981741,-14.534066231390685
2023-09-01,-0.22642128078928797,26047.234375,28089.337890625,25362.609375,25800.724609375,107047301712,2023,9,3,35,-0.9480440232548459,-11.258708304181098,-14.967705680761934
2023-09-08,-0.03333425585129069,25800.91015625,26414.005859375,25404.359375,25905.654296875,75496655969,2023,9,3,36,0.4066927928910724,-11.878680249248752,-14.598813485997042
2023-09-15,-0.20447826725935478,25905.42578125,26840.498046875,24930.296875,26608.693359375,85001324952,2023,9,3,37,2.7138440683384335,2.146434683951637,-11.03373236179297
2023-09-22,-0.2339349029218258,26606.19921875,27488.763671875,26389.30078125,26579.568359375,80830579313,2023,9,3,38,-0.10945670877798852,2.0420269148974546,-9.344298027359644
2023-09-29,-0.003546389520254287,26578.556640625,27259.5,26011.46875,26911.720703125,73774718486,2023,9,3,39,1.2496528884858416,4.306065471301945,-7.437450183680094
2023-10-06,-0.19573956004886672,26911.689453125,28494.458984375,26888.96875,27946.59765625,82548946327,2023,10,4,40,3.845450703584441,7.878370242982813,-4.936156416281823
2023-10-13,-0.37451581481227525,27946.78125,28102.169921875,26558.3203125,26862.375,74657255331,2023,10,4,41,-3.879623092536,0.9533787969172147,3.1202771340353097
2023-10-20,-7.474062596871508e-06,26866.203125,30104.0859375,26814.5859375,29682.94921875,103901034820,2023,10,4,42,10.500092485307055,11.675813607711927,13.956263779012135
2023-10-27,0.1786456891759702,29683.380859375,35150.43359375,29481.751953125,33909.80078125,166385785247,2023,10,4,43,14.239998631369154,26.003837344047565,31.429645076435065
2023-11-03,0.15110074946331592,33907.72265625,35919.84375,33874.8046875,34732.32421875,114866673186,2023,11,4,44,2.4256215564522066,24.281047181363903,34.0723682201679
2023-11-10,0.3225777357939094,34736.32421875,37926.2578125,34545.81640625,37313.96875,131271544924,2023,11,4,45,7.432973719208569,38.907928840990415,40.23224758179727
2023-11-17,0.22562209018605128,37310.0703125,37964.89453125,34948.5,36596.68359375,144203339960,2023,11,4,46,-1.9222966097649397,23.291938830096992,37.6872758012333
2023-11-24,0.06838580308391053,36625.37109375,38415.33984375,35670.97265625,37720.28125,132397535994,2023,11,4,47,3.070217150610577,11.237106620977144,40.16302289292079
2023-12-01,0.17144162303128208,37721.4140625,38954.109375,36750.12890625,38688.75,125900743254,2023,12,4,48,2.567501402180028,11.391192125041115,38.438140040806054
2023-12-08,0.2493910645482643,38689.27734375,44705.515625,38652.59375,44166.6015625,189438655240,2023,12,4,49,14.158771122096226,18.364792173172418,64.41808128469653
2023-12-15,-0.22984591127117746,44180.01953125,44361.2578125,40234.578125,41929.7578125,167796741073,2023,12,4,50,-5.0645593522396055,14.572561486584501,41.25873242411502
2023-12-22,-0.04014667297633399,41937.7421875,44367.95703125,40530.2578125,43997.90234375,150811253314,2023,12,4,51,4.932402759153187,16.642561735273386,29.749810762905128
2023-12-29,-0.05588117862234311,44012.19921875,44015.69921875,41424.0625,42099.40234375,157734052096,2023,12,4,52,-4.3149784395793755,8.815617831410938,21.211013920637466
2024-01-05,-0.10918565575049552,42091.75390625,45899.70703125,40813.53515625,44162.69140625,199300121409,2024,1,1,1,4.900993714002944,-0.008853197012381742,18.354313104928032
2024-01-12,-0.12733850323226506,44178.953125,48969.37109375,41903.76953125,42853.16796875,257271607085,2024,1,1,2,-2.9652256142040145,2.2022787738943617,17.095768688910606
2024-01-19,0.10005673854773925,42799.4453125,43566.2734375,40297.45703125,41618.40625,156328380280,2024,1,1,3,-2.881377917381578,-5.408203498337949,10.33429463095532
2024-01-26,-0.09222966716039169,41624.58984375,42209.38671875,38521.89453125,41816.87109375,147963423818,2024,1,1,4,0.4768679573115664,-0.6711051327833006,8.085350634874477
2024-02-02,0.021986087568621377,41815.625,43838.9453125,41431.28125,43185.859375,137494630328,2024,2,1,5,3.2737702402000357,-2.21189424861854,-2.2205516222753907
2024-02-09,0.15250662867124978,43184.96484375,48152.49609375,42264.81640625,47147.19921875,148083317468,2024,2,1,6,9.172770673270868,10.020335610033214,12.443290108140314
2024-02-16,0.4378473355284932,47153.52734375,52820.06640625,46905.3203125,52160.203125,211670121860,2024,2,1,7,10.63266533180698,25.329650567770123,18.55156802130926
2024-02-23,0.2566151202762083,52161.67578125,52945.05078125,50561.77734375,50731.94921875,167786296820,2024,2,1,8,-2.7382061814967273,21.319333302133316,20.505153029284216
2024-03-01,0.09378928109091157,50736.37109375,63913.1328125,50585.4453125,62440.6328125,303340698078,2024,3,1,9,23.07950665026408,44.58582905645836,41.38774341924112
2024-03-08,0.2230335275825423,62431.65234375,70083.0546875,59323.91015625,68300.09375,398558350521,2024,3,1,10,9.38405117561043,44.86564394441843,59.3816676512849
2024-03-15,0.15062621654081745,68299.2578125,73750.0703125,65630.6953125,69403.7734375,371692315799,2024,3,1,11,1.6159270462202002,33.058863423473305,66.76220857808556
2024-03-22,-0.04875940453350386,69392.484375,70046.2734375,60807.78515625,63778.76171875,367710588886,2024,3,1,12,-8.104763531071512,25.717152013504794,52.51921066921348
2024-03-29,-0.0885684698670188,63802.72265625,71727.6875,63038.4921875,69892.828125,231089038065,2024,3,1,13,9.586367376042283,11.934849114802915,61.84192959573356
2024-04-05,-0.17245295364029553,69893.4453125,71377.78125,64559.8984375,67837.640625,225435727182,2024,4,2,14,-2.940484102781471,-0.677090029616545,43.88477311293097
2024-04-12,0.03815359179545184,67840.5703125,72715.359375,65254.8359375,67195.8671875,227462333377,2024,4,2,15,-0.9460432756611681,-3.181248137737469,28.825930808719402
2024-04-19,-0.3031032796641383,67188.375,67931.4296875,59651.390625,63843.5703125,316239483749,2024,4,2,16,-4.988843831192646,0.10161469430183256,25.844899113208285
2024-04-26,-0.19254337114530368,63851.1015625,67233.9609375,62783.6328125,63755.3203125,182769607490,2024,4,2,17,-0.13822848497982987,-8.78131272857261,2.1054999617762027
2024-05-03,-0.13476823298704055,63750.98828125,64703.33203125,56555.29296875,62889.8359375,215665980040,2024,5,2,18,-1.3575092568867686,-7.293597834351273,-7.921303640231092
2024-05-10,0.23414998490788028,62891.03125,65494.90234375,60208.78125,60792.77734375,172891767553,2024,5,2,19,-3.334495252673353,-9.528993540455598,-12.407100748642197
2024-05-17,-0.026238471033081197,60793.35546875,67459.4609375,60492.625,67051.875,183137709457,2024,5,2,20,10.29579158862608,5.025258881663519,5.131979977415835
2024-05-24,0.13165624461313602,67066.2109375,71946.4609375,65937.1796875,68526.1015625,230639584500,2024,5,2,21,2.198635850973596,7.482953934849301,-1.955460380077445
2024-05-31,-0.013682780318519692,68526.921875,70597.8828125,66633.421875,67491.4140625,173298831369,2024,5,2,22,-1.5099173547123534,7.316886832990077,-0.5103753009540912
2024-06-07,0.017655115432292614,67489.609375,71907.8515625,67315.5234375,69342.5859375,188525370400,2024,6,2,23,2.742825736745913,14.063855884401356,3.1947184251821747
2024-06-14,0.08239236631193703,69324.1796875,70146.0703125,65056.89453125,66011.09375,176367079866,2024,6,2,24,-4.8043956573854185,-1.5522030517416519,3.3950536082027583
2024-06-21,-0.07923214724321505,66006.7421875,67188.3203125,63378.89453125,64096.19921875,169822750910,2024,6,2,25,-2.9008677518693626,-6.46454743921141,0.5346673886652331
2024-06-28,-0.25307441967230576,64113.86328125,64491.703125,58601.69921875,60320.13671875,162072634663,2024,6,2,26,-5.891242454350387,-10.625466132787032,-4.086032632210667
2024-07-05,-0.2688550144433975,60319.875,63777.2265625,53717.375,56662.375,201929981166,2024,7,3,27,-6.063914834617767,-18.28632544642762,-6.794232019364454
2024-07-12,0.16924711821976704,56659.07421875,59359.43359375,54321.01953125,57899.46484375,189267222177,2024,7,3,28,2.1832650744872506,-12.288281325818817,-13.649745299814509
2024-07-19,0.10927992846324346,57908.73828125,67442.640625,57796.44140625,66710.15625,215783582792,2024,7,3,29,15.217224252464012,4.078177899954705,-2.6500052842547084
2024-07-26,0.16465334528859396,66709.921875,68480.0625,63473.47265625,67912.0625,220211883809,2024,7,3,30,1.801684057665498,12.586055327838984,0.6232621487386014
2024-08-02,-0.06888297482163164,67911.8125,69987.5390625,61184.89453125,61415.06640625,240225463389,2024,8,3,31,-9.566777763155109,8.387737729401557,-11.432396735817218
2024-08-09,-0.07672087410430771,61414.80859375,62673.765625,49121.23828125,60880.11328125,342165105365,2024,8,3,32,-0.8710454230585363,5.147972344034102,-7.772906305994964
2024-08-16,0.11894588310051099,60881.23046875,61778.66015625,56161.59375,58894.10546875,200906660370,2024,8,3,33,-3.262161821751497,-11.716433030015573,-8.116072112553962
2024-08-23,0.04173576072783008,58893.53125,64947.0625,57864.7109375,64094.35546875,191742315260,2024,8,3,34,8.829831030813985,-5.62154481944942,6.2569797671344185
2024-08-30,-0.05242021459908711,64103.87109375,64996.421875,57768.53125,59119.4765625,211851503232,2024,8,3,35,-7.761805029267455,-3.737828480987171,4.336389998654311
2024-09-06,-0.42005833361356976,59117.48046875,59815.05859375,52598.69921875,53948.75390625,206718990868,2024,9,3,36,-8.746225367512528,-11.385260311489498,-6.823398019587157
2024-09-13,-0.143668640709045,53949.0859375,60648.0234375,53653.7578125,60571.30078125,204180799714,2024,9,3,37,12.275625284150959,2.8478152425456926,-9.20228015318132
2024-09-20,0.25589736778756755,60569.1171875,64119.53125,57501.33984375,63192.9765625,223535878280,2024,9,3,38,4.328247449593392,-1.4063311810499135,-6.948818462846718
2024-09-27,0.37791301731939436,63184.33984375,66480.6953125,62440.7265625,65790.6640625,189940906686,2024,9,3,39,4.110721857564026,11.284246559502842,7.1246322967497555
2024-10-04,0.042709527317194414,65792.1796875,66255.53125,59878.8046875,62067.4765625,223820375724,2024,10,4,40,-5.65914260488849,15.048953068236571,1.9503302757744478
2024-10-11,-0.10044646266629102,62067.609375,64443.70703125,58895.20703125,62445.08984375,178920619710,2024,10,4,41,0.6083915476566171,3.0935262052025125,6.029439358552113
2024-10-18,0.4597288751477459,62444.6171875,68969.75,62035.63671875,68418.7890625,235335722570,2024,10,4,42,9.566323362969587,8.269609669092738,6.74698038871524
2024-10-25,0.29967091306979043,68418.9765625,69462.734375,65188.03515625,66642.4140625,207874823078,2024,10,4,43,-2.5963262787029096,1.294636575169461,12.724973117863936
2024-11-01,0.08297018537643212,66628.734375,73577.2109375,66360.59375,69482.46875,264915482365,2024,11,4,44,4.261632366493329,11.946662887177851,28.79346364652624
2024-11-08,0.19410930807087695,69486.0234375,77252.75,66803.6484375,76545.4765625,377521795253,2024,11,4,45,10.16516531373246,22.580457092834628,26.372515655458486
2024-11-15,0.25502789433868156,76556.1875,93434.3515625,75773.7890625,91066.0078125,652639047903,2024,11,4,46,18.969809715854158,33.10087632406349,44.10779926220538
2024-11-22,0.2579461124730912,91064.3671875,99655.5,88741.6640625,98997.6640625,496969218057,2024,11,4,47,8.709788032358734,48.55053715439528,50.473726741006786
2024-11-29,0.23467906870684777,99006.7421875,99014.6796875,90770.8125,97461.5234375,447054790820,2024,11,4,48,-1.551693809694532,40.267790121518956,57.025110146630986
2024-12-06,0.34807791447355635,97468.8125,103900.46875,91998.78125,99920.7109375,528927053778,2024,12,4,49,2.5232393392424557,30.537708333312064,60.0137195534852
2024-12-13,0.19640307377030203,99916.7109375,102524.9140625,94321.2578125,101459.2578125,518163662416,2024,12,4,50,1.5397677424076273,11.41287539627205,48.29151349027503
2024-12-20,0.22468999975702678,101451.4375,108268.4453125,92175.1796875,97755.9296875,547900067553,2024,12,4,51,-3.650064276878384,-1.2543067422439935,46.68725775122802
2024-12-27,-0.03501627186224574,97756.1953125,99884.5703125,92403.1328125,94164.859375,340442582268,2024,12,4,52,-3.673506378569269,-3.3825287623521327,35.52319177634287
2025-01-03,0.04925971596486984,94160.1875,98956.9140625,91317.1328125,98107.4296875,259697276479,2025,1,1,1,4.186880688473393,-1.8147201245737765,28.16881427003004
2025-01-10,0.08806255456666434,98106.9921875,102712.484375,91220.84375,94701.453125,342088848703,2025,1,1,2,-3.471680558087198,-6.660609226994985,3.9920991375675285
2025-01-17,0.02258990004219433,94700.8359375,105884.2265625,89260.1015625,104462.0390625,350293377230,2025,1,1,3,10.306690779725036,6.860053805879263,5.519700946226558
2025-01-24,0.2570353390513124,104124.953125,109114.8828125,99471.359375,104819.484375,552620066589,2025,1,1,4,0.34217723079876805,11.314863177960333,7.549605914192892
2025-01-31,0.10515101925886208,104824.03125,106418.765625,97795.9375,102405.0234375,317700245002,2025,1,1,5,-2.3034466844561785,4.380497749955392,2.4862838511566787
2025-02-07,-0.31485870496542956,102402.796875,102755.7265625,91242.890625,96529.0859375,429422463304,2025,2,1,6,-5.737938728744307,1.9298888794110125,-4.85926270435677
2025-02-14,0.04828864707724081,96533.2578125,98819.46875,94101.203125,97508.96875,246933887525,2025,2,1,7,1.0151166386620947,-6.65607370380733,-0.25263013536822587
2025-02-21,0.09628925235295781,97508.3828125,99497.96875,93388.8359375,96125.546875,208513894959,2025,2,1,8,-1.418763722696026,-8.294199834924532,2.082185980007467
2025-02-28,0.07516992544066883,96134.203125,96950.15625,78248.9140625,84373.0078125,372406542774,2025,2,1,9,-12.226238959953905,-17.608526437187265,-13.999369791613159
2025-03-07,0.010213850604560787,84373.8671875,95043.4375,81529.2421875,86742.671875,389950915668,2025,3,1,10,2.8085570538934013,-10.138305949396887,-8.404075109063957
2025-03-14,-0.05885316201493977,86742.65625,86847.265625,76624.25,83969.1015625,259223937697,2025,3,1,11,-3.1974693107180707,-13.88576595678539,-19.617592844170893
2025-03-21,0.10035839085878971,83968.40625,87443.265625,81179.9921875,84043.2421875,167160723120,2025,3,1,12,0.08829512716033161,-12.569296175980792,-19.820973468225954
2025-03-28,0.0841424596635884,84046.2578125,88758.7265625,83557.640625,84353.1484375,172362412098,2025,3,1,13,0.3687461858130181,-0.02353759278576062,-17.627919406724658
2025-04-04,-0.11498738645851096,84352.0703125,88466.953125,81282.1015625,83843.8046875,218507186401,2025,4,2,14,-0.6038230456535842,-3.3419159507530494,-13.141408236490893
2025-04-11,-0.037614833746670885,83844.703125,84247.4765625,74436.6796875,83404.8359375,360841079553,2025,4,2,15,-0.5235553797160231,-0.6719919762152138,-14.464446699934975
2025-04-18,-0.015307235734148364,83404.515625,86429.3515625,82769.375,84450.8046875,178809179088,2025,4,2,16,1.2540864546317199,0.48494380915331536,-12.145306390487054
2025-04-25,0.19908666046728343,84450.8671875,95768.390625,83976.84375,94720.5,241336556385,2025,4,2,17,12.160565373535249,12.290414471229273,12.263984010733587
2025-05-02,0.3156195758185149,94714.6484375,97905.8984375,92860.8046875,96910.0703125,181515266508,2025,5,2,18,2.311611860684848,15.584056178867577,11.721334168898622
2025-05-09,0.19773534801947015,96904.6328125,104297.4921875,93399.859375,102970.8515625,291419200276,2025,5,2,19,6.254026264201618,23.459090117582537,22.62945493808408
2025-05-16,0.30487216555674135,102973.7109375,105747.453125,100814.40625,103489.2890625,345172395573,2025,5,2,20,0.503479860691769,22.54387562729523,23.138144565646314
2025-05-23,-0.019401952365831466,103489.2890625,111970.171875,102112.6875,107287.796875,401854560661,2025,5,2,21,3.6704357010376,13.267768724827246,27.18884696342192
2025-05-30,-0.2134620752327639,107278.5078125,110744.2109375,103685.7890625,103998.5703125,359655723565,2025,5,2,22,-3.0657974702679835,7.314513318525262,24.038467362162553
2025-06-06,0.1126139876712245,103994.71875,106813.578125,100436.8828125,104390.34375,319291924590,2025,6,2,23,0.3767104070015348,1.3785378735441611,25.161020433186444
2025-06-13,0.2572664240208134,104390.6484375,110561.421875,102822.0234375,106090.96875,360831532211,2025,6,2,24,1.6291018296412219,2.5139603441751035,25.624580064780677
2025-06-20,0.14861796729968005,106108.0859375,108915.375,102372.2109375,103309.6015625,316686655845,2025,6,2,25,-2.6216813931204674,-3.707966263055018,9.06783807359548
2025-06-27,0.09440138879276458,103315.078125,108305.546875,98286.203125,107088.4296875,358828101967,2025,6,2,26,3.657770495527357,2.971059472947979,10.502891332323316
2025-07-04,0.3454588103450599,107090.546875,110541.4609375,105157.3984375,108034.3359375,301107922273,2025,7,3,27,0.8832945377575285,3.490736840781783,4.91739584374189
2025-07-11,0.1918777488612386,108015.8359375,118856.4765625,107499.5546875,117516.9921875,397826843585,2025,7,3,28,8.777446695730063,10.770024604474159,13.554739096263656
2025-07-18,0.35886339711494186,117530.7109375,123091.609375,115765.6875,118003.2265625,597085403346,2025,7,3,29,0.4137566542072646,14.222903561495869,9.987556832753718
2025-07-25,0.10151348450046517,117998.125,120269.96875,114759.8203125,117635.8828125,498210632524,2025,7,3,30,-0.31129975060930626,9.849292921540664,13.112980744852475
2025-08-01,-0.0016064176044758016,117644.84375,119819.7890625,112724.4453125,113320.0859375,466039420355,2025,8,3,31,-3.6687758631258394,4.89265746314016,8.554184100481033
2025-08-08,0.05220143464782683,113320.390625,117689.203125,111943.8046875,116688.7265625,381936481455,2025,8,3,32,2.972677435894222,-0.704804989969865,9.989311943670987
2025-08-15,-0.0466125272864092,116678.2734375,124457.1171875,116363.8359375,117398.3515625,545718002633,2025,8,3,33,0.6081350109000683,-0.5125919160181902,13.637406191598389
2025-08-22,-0.018353495720799976,117398.421875,118595.7734375,111678.9453125,116874.0859375,446674283812,2025,8,3,34,-0.4465698351146741,-0.6475888621622627,9.137921135416782
2025-08-29,0.07854571763239457,116866.3671875,116996.25,107559.625,108410.8359375,483282404740,2025,8,3,35,-7.241340055934931,-4.332197561787609,0.3485003140277776
2025-09-05,0.16499154269641073,108409.40625,113357.4921875,107271.1796875,110650.984375,422612252607,2025,9,3,36,2.066351041506098,-5.17422922107742,-5.842565985304649
2025-09-12,0.17670377483816946,110650.5703125,116769.3828125,110024.0859375,116101.578125,289164285695,2025,9,3,37,4.925933357743806,-1.1045925434563064,-1.6115224073917966
2025-09-19,-0.034579978337365445,116093.5625,117911.7890625,114461.0625,115688.859375,314880867012,2025,9,3,38,-0.35548074080065106,-1.0141055247557706,-1.6551271524891442
2025-09-26,-0.039435092328602775,115691.125,116191.1484375,108713.3984375,109712.828125,344567851995,2025,9,3,39,-5.165606508945664,1.2009797510007303,-3.183246626277292
2025-10-03,0.32227778344499936,109707.140625,123944.703125,109144.296875,122266.53125,405350805411,2025,10,4,40,11.442329342469492,10.497463660724883,4.780071607442271
2025-10-10,0.22382673411773232,122267.46875,126198.0703125,104582.4140625,113214.3671875,552309116778,2025,10,4,41,-7.403632024197138,-2.4867973236259555,-3.56392088927463
2025-10-17,0.0035300083528602144,113236.4296875,116020.484375,103598.4296875,106467.7890625,627325900164,2025,10,4,42,-5.959118345666015,-7.970577601262652,-8.903853058209076
2025-10-24,-0.03854041303298913,106483.734375,113996.34375,106157.7890625,111033.921875,434050989054,2025,10,4,43,4.288745781899861,1.2041379049082757,2.4195791083210905
2025-10-31,-0.04404098786593368,111032.6171875,116273.3125,106376.6875,109556.1640625,384661984528,2025,10,4,44,-1.3309066162353833,-10.395622626694912,-0.9894356735134058
2025-11-07,-0.027556334834395728,109558.625,111167.3125,98962.0625,103372.40625,477660787099,2025,11,4,45,-5.644372332142145,-8.693208452245493,-10.96382330074378
2025-11-14,-0.21021559176506935,103371.703125,107428.2578125,94000.734375,94397.7890625,532082336625,2025,11,4,46,-8.681830590066198,-11.336762138372691,-18.40373431592579
2025-11-21,-0.42178386416170854,94420.46875,96728.46875,80659.8125,85090.6875,612585193708,2025,11,4,47,-9.859448674521232,-23.36514277520201,-22.44235341098587
2025-11-28,0.026057650147947024,85098.5625,92969.0859375,83490.8984375,90919.265625,422580529480,2025,11,4,48,6.84984255768295,-17.011273256033277,-25.638468111035085
2025-12-05,0.006742239738095538,90918.7421875,94060.7734375,83862.25,89387.7578125,448374375259,2025,12,4,49,-1.6844700647019817,-13.528415313927166,-21.045570422647465
2025-12-12,-0.29318810379642385,89389.359375,94601.5703125,87799.5625,90270.4140625,419874175578,2025,12,4,50,0.9874464597841914,-4.372321683580216,-15.21340411276092
2025-12-19,-0.06251285935888025,90257.796875,90647.5703125,84436.3125,88103.3828125,345169231684,2025,12,4,51,-2.400599656604685,3.540569950736394,-20.651832048511075
2025-12-26,-0.042755478093413304,88101.671875,90501.9296875,86411.796875,87301.4296875,204223392211,2025,12,4,52,-0.9102410139082862,-3.9791741746154297,-20.313539238471368
2026-01-02,-0.1671072331922395,87301.4296875,90884.4609375,86717.9140625,89944.6953125,211973900090,2026,1,1,1,3.02774609128591,0.6230579148972959,-12.98964726140348
2026-01-09,0.09051952325879808,89945.0546875,94762.0703125,89233.875,90513.1015625,277506231236,2026,1,1,2,0.6319508315917322,0.2688450058863978,-4.1152314461814115
2026-01-16,0.31929204899105823,90510.1015625,97860.6015625,90055.0234375,95525.1171875,272805438398,2026,1,1,3,5.537337179346524,8.42389263394665,12.262716395962837
2026-01-23,-0.06384045275221592,95525.15625,95598.4765625,87231.5703125,89503.875,259977400058,2026,1,1,4,-6.303307826025795,2.522805548985585,-1.5567554525108385
2026-01-30,-0.266650753171027,89506.1484375,90439.2890625,81071.4765625,84128.65625,311302222220,2026,1,1,5,-6.005570987848296,-6.46623910647871,-5.88346960613052
2026-02-06,-0.4417941244351086,84126.5,84136.921875,60074.203125,70555.390625,574640503750,2026,2,1,6,-16.133938458098218,-22.049527187750872,-21.839961234530314
2026-02-13,-0.16933673444193792,70553.796875,72206.90625,65092.109375,68857.84375,329887285338,2026,2,1,7,-2.405977573028284,-27.91650428981579,-21.84426800439434
2026-02-20,-0.34692207924903384,68856.984375,70939.2890625,65637.4296875,68005.421875,256783787827,2026,2,1,8,-1.2379444789105798,-24.019578062960957,-22.10273976219068
2026-02-27,-0.17541415665941468,68000.25,69953.53125,62553.1875,65881.796875,264955447869,2026,2,1,9,-3.1227289552050896,-21.68923193159881,-26.752993441021612
2026-03-06,-0.20059834349723088,65878.9296875,74051.8046875,63062.21875,68136.4921875,357443636014,2026,3,1,10,3.4223342705389737,-3.428368004305127,-24.721956256850596
2026-03-13,0.04945181473873893,68136.6875,73927.328125,65639.1953125,70968.265625,307233587283,2026,3,1,11,4.156030559523738,3.0648968368255147,-25.70721950992111
2026-03-20,0.10619975631629235,70965.3828125,75988.3984375,68805.5234375,70522.5859375,284507498262,2026,3,1,12,-0.6279985618572015,3.7014167298701217,-21.20722601395749
2026-03-27,-0.19503076904730282,70522.46875,71985.7421875,65532.5703125,66338.375,263762913538,2026,3,1,13,-5.9331501842661005,0.6930262176459534,-21.14651777764488
2026-04-03,-0.20905908023087272,66338.5,69230.359375,64971.70703125,66931.1015625,221867780239,2026,4,2,14,0.8934897222007576,-1.7690823027445735,-5.136799655412583
2026-04-10,0.07936175570204289,66938.6484375,73440.1171875,66610.6328125,72979.046875,242010927254,2026,4,2,15,9.03607616087485,2.8333526714955592,5.985088844725839
2026-04-17,-0.18139297167460125,72976.125,73784.234375,70540.5703125,70753.40625,53169814452,2026,4,2,16,-3.0496981261102563,0.32729984221588904,4.040831303202608
